date,code,name,close,prev_close,change,pct,source
2026-09-11,6927,ヘリオステクノHD,967.0,970.0,-3.0,-0.31,yfinance
2026-09-11,4202,ダイセル,1393.0,1398.5,-5.5,-0.39,yfinance
2026-09-11,5020,ENEOS HD,1441.0,1472.0,-31.0,-2.11,yfinance
2026-09-11,3132,マクニカHD,3761.0,3674.0,87.0,2.37,yfinance
2026-09-11,3591,ワコールHD,3950.0,4002.0,-52.0,-1.3,yfinance
2026-09-11,6471,日本精工NSK,1043.5,1048.5,-5.0,-0.48,yfinance
2026-09-11,6326,クボタ,2783.0,2794.5,-11.5,-0.41,yfinance
2026-09-11,6762,TDK,2808.5,2850.5,-42.0,-1.47,yfinance
2026-09-11,6287,サトーHD,2613.0,2640.0,-27.0,-1.02,yfinance
2026-09-11,2206,江崎グリコ,4984.0,4998.0,-14.0,-0.28,yfinance
2026-09-11,日経平均,日経平均,64011.3,65270.9,-1259.6,-1.93,yfinance
2026-09-11,8031,三井物産,5060.0,5093.0,-33.0,-0.65,yfinance
2026-09-11,2897,日清食品HD,2937.5,2901.5,36.0,1.24,yfinance
2026-09-15,4202,ダイセル,1400.0,1402.0,-2.0,-0.14,yfinance
2026-09-15,5020,ENEOS HD,1415.0,1438.0,-23.0,-1.6,yfinance
2026-09-15,6326,クボタ,2770.0,2773.0,-3.0,-0.11,yfinance
2026-09-15,8031,三井物産,5131.0,5164.0,-33.0,-0.64,yfinance
2026-09-15,6927,ヘリオステクノHD,968.0,972.0,-4.0,-0.41,yfinance
2026-09-15,6287,サトーHD,2659.0,2644.0,15.0,0.57,yfinance
2026-09-15,6762,TDK,2810.5,2816.5,-6.0,-0.21,yfinance
2026-09-15,2897,日清食品HD,3007.0,3006.0,1.0,0.03,yfinance
2026-09-15,3132,マクニカHD,3700.0,3760.0,-60.0,-1.6,yfinance
2026-09-15,3591,ワコールHD,4015.0,4002.0,13.0,0.32,yfinance
2026-09-15,6471,日本精工NSK,1052.5,1042.5,10.0,0.96,yfinance
2026-09-15,2206,江崎グリコ,5040.0,5031.0,9.0,0.18,yfinance
2026-09-15,日経平均,日経平均,63598.4,64011.3,-412.9,-0.65,yfinance
2026-09-16,5020,ENEOS HD,1404.0,1404.0,0.0,0.0,yfinance
2026-09-16,6762,TDK,2833.5,2833.5,0.0,0.0,yfinance
2026-09-16,3132,マクニカHD,3828.0,3828.0,0.0,0.0,yfinance
2026-09-14,日経平均,日経平均,63493.0,64011.3,-518.4,-0.81,yfinance
2026-09-17,4202,ダイセル,1431.5,1423.0,8.5,0.6,yfinance
2026-09-17,5020,ENEOS HD,1455.5,1474.0,-18.5,-1.26,yfinance
2026-09-17,6326,クボタ,2800.0,2830.5,-30.5,-1.08,yfinance
2026-09-17,8031,三井物産,5227.0,5174.0,53.0,1.02,yfinance
2026-09-17,6927,ヘリオステクノHD,976.0,971.0,5.0,0.51,yfinance
2026-09-17,6287,サトーHD,2690.0,2658.0,32.0,1.2,yfinance
2026-09-17,6762,TDK,2890.5,2872.0,18.5,0.64,yfinance
2026-09-17,2897,日清食品HD,2990.5,2949.0,41.5,1.41,yfinance
2026-09-17,3132,マクニカHD,3915.0,3915.0,0.0,0.0,yfinance
2026-09-17,3591,ワコールHD,4035.0,3994.0,41.0,1.03,yfinance
2026-09-17,6471,日本精工NSK,1083.0,1071.0,12.0,1.12,yfinance
2026-09-17,2206,江崎グリコ,5055.0,5018.0,37.0,0.74,yfinance
2026-09-17,日経平均,日経平均,64516.0,63484.1,1031.9,1.63,yfinance
2026-09-16,日経平均,日経平均,63923.0,63484.1,438.9,0.69,yfinance
2026-09-18,4202,ダイセル,1429.0,1432.0,-3.0,-0.21,yfinance
2026-09-18,5020,ENEOS HD,1431.5,1459.5,-28.0,-1.92,yfinance
2026-09-18,6326,クボタ,2749.5,2783.5,-34.0,-1.22,yfinance
2026-09-18,8031,三井物産,5161.0,5224.0,-63.0,-1.21,yfinance
2026-09-18,6927,ヘリオステクノHD,970.0,969.0,1.0,0.1,yfinance
2026-09-18,6287,サトーHD,2655.0,2687.0,-32.0,-1.19,yfinance
2026-09-18,6762,TDK,2845.0,2806.0,39.0,1.39,yfinance
2026-09-18,2897,日清食品HD,2943.5,2991.5,-48.0,-1.6,yfinance
2026-09-18,3132,マクニカHD,4088.0,3935.0,153.0,3.89,yfinance
2026-09-18,3591,ワコールHD,3948.0,4037.0,-89.0,-2.2,yfinance
2026-09-18,6471,日本精工NSK,1082.0,1077.0,5.0,0.46,yfinance
2026-09-18,2206,江崎グリコ,5038.0,5062.0,-24.0,-0.47,yfinance
2026-09-18,日経平均,日経平均,65018.9,64136.2,882.7,1.38,yfinance
2026-09-24,4202,ダイセル,1430.0,1429.0,1.0,0.07,yfinance
2026-09-24,5020,ENEOS HD,1436.0,1431.5,4.5,0.31,yfinance
2026-09-24,6326,クボタ,2793.0,2749.5,43.5,1.58,yfinance
2026-09-24,8031,三井物産,5078.0,5161.0,-83.0,-1.61,yfinance
2026-09-24,6927,ヘリオステクノHD,973.0,970.0,3.0,0.31,yfinance
2026-09-24,6287,サトーHD,2677.0,2655.0,22.0,0.83,yfinance
2026-09-24,6762,TDK,2961.0,2845.0,116.0,4.08,yfinance
2026-09-24,2897,日清食品HD,2890.0,2943.5,-53.5,-1.82,yfinance
2026-09-24,3132,マクニカHD,4146.0,4088.0,58.0,1.42,yfinance
2026-09-24,3591,ワコールHD,3954.0,3948.0,6.0,0.15,yfinance
2026-09-24,6471,日本精工NSK,1095.5,1082.0,13.5,1.25,yfinance
2026-09-24,2206,江崎グリコ,4958.0,5038.0,-80.0,-1.59,yfinance
2026-09-24,日経平均,日経平均,65759.6,65018.9,740.6,1.14,yfinance
2026-09-25,4202,ダイセル,1436.0,1443.5,-7.5,-0.52,yfinance
2026-09-25,5020,ENEOS HD,1439.0,1422.0,17.0,1.2,yfinance
2026-09-25,6326,クボタ,2776.0,2750.5,25.5,0.93,yfinance
2026-09-25,8031,三井物産,5073.0,5033.0,40.0,0.79,yfinance
2026-09-25,6927,ヘリオステクノHD,1001.0,996.0,5.0,0.5,yfinance
2026-09-25,6287,サトーHD,2741.0,2708.0,33.0,1.22,yfinance
2026-09-25,6762,TDK,2940.0,2954.5,-14.5,-0.49,yfinance
2026-09-25,2897,日清食品HD,2919.5,2910.0,9.5,0.33,yfinance
2026-09-25,3132,マクニカHD,4194.0,4214.0,-20.0,-0.47,yfinance
2026-09-25,3591,ワコールHD,3983.0,3960.0,23.0,0.58,yfinance
2026-09-25,6471,日本精工NSK,1096.5,1098.5,-2.0,-0.18,yfinance
2026-09-25,2206,江崎グリコ,5046.0,5015.0,31.0,0.62,yfinance
2026-09-25,日経平均,日経平均,65793.7,65018.9,774.8,1.19,yfinance
2026-09-28,4202,ダイセル,1443.0,1442.5,0.5,0.03,yfinance
2026-09-28,5020,ENEOS HD,1430.5,1436.0,-5.5,-0.38,yfinance
2026-09-28,6326,クボタ,2784.0,2782.0,2.0,0.07,yfinance
2026-09-28,8031,三井物産,5057.0,5071.0,-14.0,-0.28,yfinance
2026-09-28,6927,ヘリオステクノHD,997.0,1004.0,-7.0,-0.7,yfinance
2026-09-28,6287,サトーHD,2746.0,2739.0,7.0,0.26,yfinance
2026-09-28,6762,TDK,3031.0,2978.0,53.0,1.78,yfinance
2026-09-28,2897,日清食品HD,2953.5,2939.0,14.5,0.49,yfinance
2026-09-28,3132,マクニカHD,4308.0,4287.0,21.0,0.49,yfinance
2026-09-28,3591,ワコールHD,3973.0,3968.0,5.0,0.13,yfinance
2026-09-28,6471,日本精工NSK,1107.0,1100.0,7.0,0.64,yfinance
2026-09-28,2206,江崎グリコ,5050.0,5050.0,0.0,0.0,yfinance
2026-09-28,日経平均,日経平均,66964.0,66364.2,599.8,0.9,yfinance
2026-09-29,4202,ダイセル,1387.5,1426.0,-38.5,-2.7,yfinance
2026-09-29,5020,ENEOS HD,1375.0,1428.5,-53.5,-3.75,yfinance
2026-09-29,6326,クボタ,2684.5,2751.5,-67.0,-2.44,yfinance
2026-09-29,8031,三井物産,4893.0,5021.0,-128.0,-2.55,yfinance
2026-09-29,6927,ヘリオステクノHD,992.0,998.0,-6.0,-0.6,yfinance
2026-09-29,6287,サトーHD,2663.0,2740.0,-77.0,-2.81,yfinance
2026-09-29,6762,TDK,2901.5,2955.0,-53.5,-1.81,yfinance
2026-09-29,2897,日清食品HD,2880.0,2928.0,-48.0,-1.64,yfinance
2026-09-29,3132,マクニカHD,4213.0,4224.0,-11.0,-0.26,yfinance
2026-09-29,3591,ワコールHD,3762.0,3908.0,-146.0,-3.74,yfinance
2026-09-29,6471,日本精工NSK,1073.0,1100.0,-27.0,-2.45,yfinance
2026-09-29,2206,江崎グリコ,4958.0,5020.0,-62.0,-1.24,yfinance
2026-09-29,日経平均,日経平均,65286.2,65877.6,-591.4,-0.9,yfinance
2026-09-30,4202,ダイセル,1409.5,1385.5,24.0,1.73,yfinance
2026-09-30,5020,ENEOS HD,1370.5,1373.5,-3.0,-0.22,yfinance
2026-09-30,6326,クボタ,2723.5,2707.5,16.0,0.59,yfinance
2026-09-30,8031,三井物産,4829.0,4829.0,0.0,0.0,yfinance
2026-09-30,6927,ヘリオステクノHD,988.0,993.0,-5.0,-0.5,yfinance
2026-09-30,6287,サトーHD,2651.0,2672.0,-21.0,-0.79,yfinance
2026-09-30,6762,TDK,2990.0,2919.0,71.0,2.43,yfinance
2026-09-30,2897,日清食品HD,2817.0,2862.5,-45.5,-1.59,yfinance
2026-09-30,3132,マクニカHD,4230.0,4255.0,-25.0,-0.59,yfinance
2026-09-30,3591,ワコールHD,3674.0,3700.0,-26.0,-0.7,yfinance
2026-09-30,6471,日本精工NSK,1091.5,1075.0,16.5,1.53,yfinance
2026-09-30,2206,江崎グリコ,4954.0,4958.0,-4.0,-0.08,yfinance
2026-09-30,日経平均,日経平均,66145.9,65877.6,268.3,0.41,yfinance
2026-10-01,4202,ダイセル,1426.0,1431.5,-5.5,-0.38,yfinance
2026-10-01,5020,ENEOS HD,1368.0,1385.5,-17.5,-1.26,yfinance
2026-10-01,6326,クボタ,2669.0,2763.5,-94.5,-3.42,yfinance
2026-10-01,8031,三井物産,4904.0,4930.0,-26.0,-0.53,yfinance
2026-10-01,6927,ヘリオステクノHD,994.0,998.0,-4.0,-0.4,yfinance
2026-10-01,6287,サトーHD,2680.0,2697.0,-17.0,-0.63,yfinance
2026-10-01,6762,TDK,3038.0,2981.0,57.0,1.91,yfinance
2026-10-01,2897,日清食品HD,2821.5,2866.0,-44.5,-1.55,yfinance
2026-10-01,3132,マクニカHD,4155.0,4232.0,-77.0,-1.82,yfinance
2026-10-01,3591,ワコールHD,3662.0,3685.0,-23.0,-0.62,yfinance
2026-10-01,6471,日本精工NSK,1084.5,1098.5,-14.0,-1.27,yfinance
2026-10-01,2206,江崎グリコ,5033.0,4983.0,50.0,1.0,yfinance
2026-10-01,日経平均,日経平均,67740.0,65481.3,2258.8,3.45,yfinance
2026-10-02,4202,ダイセル,1413.0,1436.5,-23.5,-1.64,yfinance
2026-10-02,5020,ENEOS HD,1371.0,1347.5,23.5,1.74,yfinance
2026-10-02,6326,クボタ,2706.5,2721.0,-14.5,-0.53,yfinance
2026-10-02,8031,三井物産,4889.0,4916.0,-27.0,-0.55,yfinance
2026-10-02,6927,ヘリオステクノHD,992.0,993.0,-1.0,-0.1,yfinance
2026-10-02,6287,サトーHD,2645.0,2707.0,-62.0,-2.29,yfinance
2026-10-02,6762,TDK,3131.0,3200.0,-69.0,-2.16,yfinance
2026-10-02,2897,日清食品HD,2815.0,2833.5,-18.5,-0.65,yfinance
2026-10-02,3132,マクニカHD,4188.0,4199.0,-11.0,-0.26,yfinance
2026-10-02,3591,ワコールHD,3633.0,3709.0,-76.0,-2.05,yfinance
2026-10-02,6471,日本精工NSK,1093.5,1103.5,-10.0,-0.91,yfinance
2026-10-02,2206,江崎グリコ,5023.0,5023.0,0.0,0.0,yfinance
2026-10-02,日経平均,日経平均,68256.2,68956.7,-700.5,-1.02,yfinance
2026-10-05,4202,ダイセル,1422.0,1405.0,17.0,1.21,yfinance
2026-10-05,5020,ENEOS HD,1359.5,1364.0,-4.5,-0.33,yfinance
2026-10-05,6326,クボタ,2677.0,2683.0,-6.0,-0.22,yfinance
2026-10-05,8031,三井物産,4919.0,4902.0,17.0,0.35,yfinance
2026-10-05,6927,ヘリオステクノHD,991.0,983.0,8.0,0.81,yfinance
2026-10-05,6287,サトーHD,2667.0,2624.0,43.0,1.64,yfinance
2026-10-05,6762,TDK,3385.0,3198.0,187.0,5.85,yfinance
2026-10-05,2897,日清食品HD,2811.0,2806.5,4.5,0.16,yfinance
2026-10-05,3132,マクニカHD,4277.0,4178.0,99.0,2.37,yfinance
2026-10-05,3591,ワコールHD,3606.0,3605.0,1.0,0.03,yfinance
2026-10-05,6471,日本精工NSK,1124.0,1107.0,17.0,1.54,yfinance
2026-10-05,2206,江崎グリコ,5008.0,4981.0,27.0,0.54,yfinance
2026-10-05,日経平均,日経平均,69663.2,68309.5,1353.8,1.98,yfinance
2026-10-06,4202,ダイセル,1446.0,1432.0,14.0,0.98,yfinance
2026-10-06,5020,ENEOS HD,1366.0,1362.0,4.0,0.29,yfinance
2026-10-06,6326,クボタ,2724.5,2729.0,-4.5,-0.16,yfinance
2026-10-06,8031,三井物産,4934.0,4925.0,9.0,0.18,yfinance
2026-10-06,6927,ヘリオステクノHD,998.0,993.0,5.0,0.5,yfinance
2026-10-06,6287,サトーHD,2622.0,2634.0,-12.0,-0.46,yfinance
2026-10-06,6762,TDK,3491.0,3447.0,44.0,1.28,yfinance
2026-10-06,2897,日清食品HD,2838.0,2850.0,-12.0,-0.42,yfinance
2026-10-06,3132,マクニカHD,4299.0,4300.0,-1.0,-0.02,yfinance
2026-10-06,3591,ワコールHD,3616.0,3573.0,43.0,1.2,yfinance
2026-10-06,6471,日本精工NSK,1118.5,1126.0,-7.5,-0.67,yfinance
2026-10-06,2206,江崎グリコ,5039.0,5020.0,19.0,0.38,yfinance
2026-10-06,日経平均,日経平均,70205.3,69946.9,258.4,0.37,yfinance
2026-10-07,4202,ダイセル,1465.5,1455.0,10.5,0.72,yfinance
2026-10-07,5020,ENEOS HD,1389.0,1380.0,9.0,0.65,yfinance
2026-10-07,6326,クボタ,2791.5,2721.0,70.5,2.59,yfinance
2026-10-07,8031,三井物産,4956.0,4962.0,-6.0,-0.12,yfinance
2026-10-07,6927,ヘリオステクノHD,988.0,1000.0,-12.0,-1.2,yfinance
2026-10-07,6287,サトーHD,2659.0,2638.0,21.0,0.8,yfinance
2026-10-07,6762,TDK,3573.0,3628.0,-55.0,-1.52,yfinance
2026-10-07,2897,日清食品HD,2847.5,2845.0,2.5,0.09,yfinance
2026-10-07,3132,マクニカHD,4471.0,4351.0,120.0,2.76,yfinance
2026-10-07,3591,ワコールHD,3565.0,3618.0,-53.0,-1.46,yfinance
2026-10-07,6471,日本精工NSK,1127.5,1117.5,10.0,0.89,yfinance
2026-10-07,2206,江崎グリコ,5022.0,5028.0,-6.0,-0.12,yfinance
2026-10-07,日経平均,日経平均,70472.1,70684.0,-211.9,-0.3,yfinance
2026-10-08,4202,ダイセル,1440.5,1460.5,-20.0,-1.37,yfinance
2026-10-08,5020,ENEOS HD,1324.5,1371.5,-47.0,-3.43,yfinance
2026-10-08,6326,クボタ,2580.5,2775.0,-194.5,-7.01,yfinance
2026-10-08,8031,三井物産,4687.0,4907.0,-220.0,-4.48,yfinance
2026-10-08,6927,ヘリオステクノHD,972.0,990.0,-18.0,-1.82,yfinance
2026-10-08,6287,サトーHD,2602.0,2631.0,-29.0,-1.1,yfinance
2026-10-08,6762,TDK,3447.0,3530.0,-83.0,-2.35,yfinance
2026-10-08,2897,日清食品HD,2831.0,2855.0,-24.0,-0.84,yfinance
2026-10-08,3132,マクニカHD,4459.0,4420.0,39.0,0.88,yfinance
2026-10-08,3591,ワコールHD,3490.0,3559.0,-69.0,-1.94,yfinance
2026-10-08,6471,日本精工NSK,1083.0,1117.0,-34.0,-3.04,yfinance
2026-10-08,2206,江崎グリコ,4983.0,5021.0,-38.0,-0.76,yfinance
2026-10-08,日経平均,日経平均,69426.4,70035.7,-609.4,-0.87,yfinance
2026-10-09,4202,ダイセル,1463.5,1440.0,23.5,1.63,yfinance
2026-10-09,5020,ENEOS HD,1365.0,1356.5,8.5,0.63,yfinance
2026-10-09,6326,クボタ,2623.0,2624.5,-1.5,-0.06,yfinance
2026-10-09,8031,三井物産,4744.0,4764.0,-20.0,-0.42,yfinance
2026-10-09,6927,ヘリオステクノHD,976.0,971.0,5.0,0.51,yfinance
2026-10-09,6287,サトーHD,2674.0,2634.0,40.0,1.52,yfinance
2026-10-09,6762,TDK,3292.0,3353.0,-61.0,-1.82,yfinance
2026-10-09,2897,日清食品HD,2923.5,2871.5,52.0,1.81,yfinance
2026-10-09,3132,マクニカHD,4711.0,4529.0,182.0,4.02,yfinance
2026-10-09,3591,ワコールHD,3563.0,3533.0,30.0,0.85,yfinance
2026-10-09,6471,日本精工NSK,1066.0,1074.0,-8.0,-0.74,yfinance
2026-10-09,2206,江崎グリコ,5033.0,4993.0,40.0,0.8,yfinance
2026-10-09,日経平均,日経平均,68607.2,69042.1,-434.9,-0.63,yfinance
